[{"model": "admin.logentry", "pk": 1, "fields": {"action_time": "2021-05-01T21:57:06.206Z", "user": 1, "content_type": 9, "object_id": "1", "object_repr": "Headphones", "action_flag": 1, "change_message": "[{\"added\": {}}]"}}, {"model": "admin.logentry", "pk": 2, "fields": {"action_time": "2021-05-01T21:57:29.640Z", "user": 1, "content_type": 9, "object_id": "1", "object_repr": "Headphones", "action_flag": 2, "change_message": "[{\"changed\": {\"fields\": [\"Digital\"]}}]"}}, {"model": "admin.logentry", "pk": 3, "fields": {"action_time": "2021-05-01T21:58:20.765Z", "user": 1, "content_type": 9, "object_id": "2", "object_repr": "Mount of Olives Book", "action_flag": 1, "change_message": "[{\"added\": {}}]"}}, {"model": "admin.logentry", "pk": 4, "fields": {"action_time": "2021-05-01T21:58:48.955Z", "user": 1, "content_type": 9, "object_id": "3", "object_repr": "Project Source Code", "action_flag": 1, "change_message": "[{\"added\": {}}]"}}, {"model": "admin.logentry", "pk": 5, "fields": {"action_time": "2021-05-01T21:59:12.968Z", "user": 1, "content_type": 9, "object_id": "4", "object_repr": "Watch", "action_flag": 1, "change_message": "[{\"added\": {}}]"}}, {"model": "admin.logentry", "pk": 6, "fields": {"action_time": "2021-05-01T21:59:27.169Z", "user": 1, "content_type": 9, "object_id": "5", "object_repr": "Shoes", "action_flag": 1, "change_message": "[{\"added\": {}}]"}}, {"model": "admin.logentry", "pk": 7, "fields": {"action_time": "2021-05-01T21:59:41.924Z", "user": 1, "content_type": 9, "object_id": "6", "object_repr": "T-shirt", "action_flag": 1, "change_message": "[{\"added\": {}}]"}}, {"model": "admin.logentry", "pk": 8, "fields": {"action_time": "2021-05-04T17:01:57.969Z", "user": 1, "content_type": 9, "object_id": "6", "object_repr": "T-shirt", "action_flag": 2, "change_message": "[{\"changed\": {\"fields\": [\"Image\"]}}]"}}, {"model": "admin.logentry", "pk": 9, "fields": {"action_time": "2021-05-04T17:02:12.972Z", "user": 1, "content_type": 9, "object_id": "5", "object_repr": "Shoes", "action_flag": 2, "change_message": "[{\"changed\": {\"fields\": [\"Image\"]}}]"}}, {"model": "admin.logentry", "pk": 10, "fields": {"action_time": "2021-05-04T17:02:25.830Z", "user": 1, "content_type": 9, "object_id": "4", "object_repr": "Watch", "action_flag": 2, "change_message": "[{\"changed\": {\"fields\": [\"Image\"]}}]"}}, {"model": "admin.logentry", "pk": 11, "fields": {"action_time": "2021-05-04T17:02:41.641Z", "user": 1, "content_type": 9, "object_id": "3", "object_repr": "Project Source Code", "action_flag": 2, "change_message": "[{\"changed\": {\"fields\": [\"Image\"]}}]"}}, {"model": "admin.logentry", "pk": 12, "fields": {"action_time": "2021-05-04T17:02:56.901Z", "user": 1, "content_type": 9, "object_id": "2", "object_repr": "Mount of Olives Book", "action_flag": 2, "change_message": "[{\"changed\": {\"fields\": [\"Image\"]}}]"}}, {"model": "admin.logentry", "pk": 13, "fields": {"action_time": "2021-05-04T17:03:12.226Z", "user": 1, "content_type": 9, "object_id": "1", "object_repr": "Headphones", "action_flag": 2, "change_message": "[{\"changed\": {\"fields\": [\"Image\"]}}]"}}, {"model": "admin.logentry", "pk": 14, "fields": {"action_time": "2021-05-04T17:42:14.044Z", "user": 1, "content_type": 9, "object_id": "6", "object_repr": "Buds", "action_flag": 2, "change_message": "[{\"changed\": {\"fields\": [\"Name\", \"Image\"]}}]"}}, {"model": "admin.logentry", "pk": 15, "fields": {"action_time": "2021-05-04T17:42:29.799Z", "user": 1, "content_type": 9, "object_id": "4", "object_repr": "Watch", "action_flag": 2, "change_message": "[{\"changed\": {\"fields\": [\"Image\"]}}]"}}, {"model": "admin.logentry", "pk": 16, "fields": {"action_time": "2021-05-04T17:43:03.649Z", "user": 1, "content_type": 9, "object_id": "3", "object_repr": "Bag", "action_flag": 2, "change_message": "[{\"changed\": {\"fields\": [\"Name\", \"Image\"]}}]"}}, {"model": "admin.logentry", "pk": 17, "fields": {"action_time": "2021-05-04T17:43:14.386Z", "user": 1, "content_type": 9, "object_id": "2", "object_repr": "Mount of Olives Book", "action_flag": 2, "change_message": "[{\"changed\": {\"fields\": [\"Image\"]}}]"}}, {"model": "admin.logentry", "pk": 18, "fields": {"action_time": "2021-05-04T17:50:31.805Z", "user": 1, "content_type": 9, "object_id": "6", "object_repr": "Plant", "action_flag": 2, "change_message": "[{\"changed\": {\"fields\": [\"Name\", \"Image\"]}}]"}}, {"model": "admin.logentry", "pk": 19, "fields": {"action_time": "2021-05-04T17:51:13.585Z", "user": 1, "content_type": 9, "object_id": "3", "object_repr": "Camera", "action_flag": 2, "change_message": "[{\"changed\": {\"fields\": [\"Name\", \"Price\", \"Image\"]}}]"}}, {"model": "admin.logentry", "pk": 20, "fields": {"action_time": "2021-05-04T17:55:32.072Z", "user": 1, "content_type": 9, "object_id": "6", "object_repr": "Plant", "action_flag": 2, "change_message": "[{\"changed\": {\"fields\": [\"Image\"]}}]"}}, {"model": "admin.logentry", "pk": 21, "fields": {"action_time": "2021-05-04T17:55:47.982Z", "user": 1, "content_type": 9, "object_id": "3", "object_repr": "Camera", "action_flag": 2, "change_message": "[{\"changed\": {\"fields\": [\"Image\"]}}]"}}, {"model": "admin.logentry", "pk": 22, "fields": {"action_time": "2021-05-04T17:58:52.964Z", "user": 1, "content_type": 9, "object_id": "4", "object_repr": "Watch", "action_flag": 2, "change_message": "[{\"changed\": {\"fields\": [\"Image\"]}}]"}}, {"model": "admin.logentry", "pk": 23, "fields": {"action_time": "2021-05-04T20:51:44.674Z", "user": 1, "content_type": 9, "object_id": "7", "object_repr": "Air Buds", "action_flag": 1, "change_message": "[{\"added\": {}}]"}}, {"model": "admin.logentry", "pk": 24, "fields": {"action_time": "2021-05-04T20:52:31.821Z", "user": 1, "content_type": 9, "object_id": "8", "object_repr": "Cap", "action_flag": 1, "change_message": "[{\"added\": {}}]"}}, {"model": "admin.logentry", "pk": 25, "fields": {"action_time": "2021-05-04T20:53:24.945Z", "user": 1, "content_type": 9, "object_id": "9", "object_repr": "Sun Glass", "action_flag": 1, "change_message": "[{\"added\": {}}]"}}, {"model": "admin.logentry", "pk": 26, "fields": {"action_time": "2021-05-04T20:54:33.916Z", "user": 1, "content_type": 9, "object_id": "10", "object_repr": "Face Wash", "action_flag": 1, "change_message": "[{\"added\": {}}]"}}, {"model": "admin.logentry", "pk": 27, "fields": {"action_time": "2021-05-04T20:55:16.684Z", "user": 1, "content_type": 9, "object_id": "11", "object_repr": "Perfume", "action_flag": 1, "change_message": "[{\"added\": {}}]"}}, {"model": "admin.logentry", "pk": 28, "fields": {"action_time": "2021-05-04T20:56:16.341Z", "user": 1, "content_type": 9, "object_id": "12", "object_repr": "Mobile", "action_flag": 1, "change_message": "[{\"added\": {}}]"}}, {"model": "admin.logentry", "pk": 29, "fields": {"action_time": "2021-05-04T20:57:03.977Z", "user": 1, "content_type": 9, "object_id": "13", "object_repr": "Shirt", "action_flag": 1, "change_message": "[{\"added\": {}}]"}}, {"model": "admin.logentry", "pk": 30, "fields": {"action_time": "2021-05-04T20:57:24.179Z", "user": 1, "content_type": 9, "object_id": "14", "object_repr": "T-shirt", "action_flag": 1, "change_message": "[{\"added\": {}}]"}}, {"model": "admin.logentry", "pk": 31, "fields": {"action_time": "2021-05-04T20:57:53.302Z", "user": 1, "content_type": 9, "object_id": "15", "object_repr": "Travel Bag", "action_flag": 1, "change_message": "[{\"added\": {}}]"}}, {"model": "admin.logentry", "pk": 32, "fields": {"action_time": "2021-05-06T17:56:06.300Z", "user": 1, "content_type": 7, "object_id": "1", "object_repr": "Ruhul Amin", "action_flag": 1, "change_message": "[{\"added\": {}}]"}}, {"model": "admin.logentry", "pk": 33, "fields": {"action_time": "2021-05-06T17:57:01.833Z", "user": 1, "content_type": 8, "object_id": "1", "object_repr": "1", "action_flag": 1, "change_message": "[{\"added\": {}}]"}}, {"model": "admin.logentry", "pk": 34, "fields": {"action_time": "2021-05-06T17:58:08.442Z", "user": 1, "content_type": 11, "object_id": "1", "object_repr": "OrderItem object (1)", "action_flag": 1, "change_message": "[{\"added\": {}}]"}}, {"model": "admin.logentry", "pk": 35, "fields": {"action_time": "2021-05-06T17:58:29.470Z", "user": 1, "content_type": 11, "object_id": "2", "object_repr": "OrderItem object (2)", "action_flag": 1, "change_message": "[{\"added\": {}}]"}}, {"model": "admin.logentry", "pk": 36, "fields": {"action_time": "2021-05-06T19:33:24.237Z", "user": 1, "content_type": 9, "object_id": "10", "object_repr": "Face Wash", "action_flag": 2, "change_message": "[{\"changed\": {\"fields\": [\"Image\"]}}]"}}, {"model": "admin.logentry", "pk": 37, "fields": {"action_time": "2021-05-06T19:35:49.812Z", "user": 1, "content_type": 9, "object_id": "11", "object_repr": "Perfume", "action_flag": 2, "change_message": "[{\"changed\": {\"fields\": [\"Image\"]}}]"}}, {"model": "admin.logentry", "pk": 38, "fields": {"action_time": "2021-05-06T19:37:00.948Z", "user": 1, "content_type": 9, "object_id": "11", "object_repr": "Perfume", "action_flag": 2, "change_message": "[{\"changed\": {\"fields\": [\"Image\"]}}]"}}, {"model": "admin.logentry", "pk": 39, "fields": {"action_time": "2021-05-06T19:37:41.379Z", "user": 1, "content_type": 9, "object_id": "11", "object_repr": "Perfume", "action_flag": 2, "change_message": "[{\"changed\": {\"fields\": [\"Image\"]}}]"}}, {"model": "admin.logentry", "pk": 40, "fields": {"action_time": "2021-05-06T19:37:51.788Z", "user": 1, "content_type": 9, "object_id": "11", "object_repr": "Perfume", "action_flag": 2, "change_message": "[{\"changed\": {\"fields\": [\"Image\"]}}]"}}, {"model": "admin.logentry", "pk": 41, "fields": {"action_time": "2021-05-06T19:38:54.181Z", "user": 1, "content_type": 9, "object_id": "11", "object_repr": "Perfume", "action_flag": 2, "change_message": "[{\"changed\": {\"fields\": [\"Image\"]}}]"}}, {"model": "admin.logentry", "pk": 42, "fields": {"action_time": "2021-05-06T19:39:54.335Z", "user": 1, "content_type": 9, "object_id": "11", "object_repr": "Perfume", "action_flag": 2, "change_message": "[{\"changed\": {\"fields\": [\"Image\"]}}]"}}, {"model": "admin.logentry", "pk": 43, "fields": {"action_time": "2021-05-06T19:40:36.819Z", "user": 1, "content_type": 9, "object_id": "11", "object_repr": "Perfume", "action_flag": 2, "change_message": "[{\"changed\": {\"fields\": [\"Image\"]}}]"}}, {"model": "admin.logentry", "pk": 44, "fields": {"action_time": "2021-05-06T19:40:53.200Z", "user": 1, "content_type": 9, "object_id": "11", "object_repr": "Perfume", "action_flag": 2, "change_message": "[]"}}, {"model": "admin.logentry", "pk": 45, "fields": {"action_time": "2021-05-06T19:41:28.144Z", "user": 1, "content_type": 9, "object_id": "11", "object_repr": "Perfume", "action_flag": 2, "change_message": "[{\"changed\": {\"fields\": [\"Image\"]}}]"}}, {"model": "admin.logentry", "pk": 46, "fields": {"action_time": "2021-05-06T19:43:02.630Z", "user": 1, "content_type": 9, "object_id": "11", "object_repr": "Perfume", "action_flag": 2, "change_message": "[{\"changed\": {\"fields\": [\"Image\"]}}]"}}, {"model": "admin.logentry", "pk": 47, "fields": {"action_time": "2021-05-06T19:43:24.097Z", "user": 1, "content_type": 9, "object_id": "11", "object_repr": "Perfume", "action_flag": 2, "change_message": "[{\"changed\": {\"fields\": [\"Image\"]}}]"}}, {"model": "admin.logentry", "pk": 48, "fields": {"action_time": "2021-05-06T19:44:25.452Z", "user": 1, "content_type": 9, "object_id": "11", "object_repr": "Perfume", "action_flag": 2, "change_message": "[{\"changed\": {\"fields\": [\"Image\"]}}]"}}, {"model": "admin.logentry", "pk": 49, "fields": {"action_time": "2021-05-06T19:44:59.199Z", "user": 1, "content_type": 9, "object_id": "11", "object_repr": "Perfume", "action_flag": 2, "change_message": "[{\"changed\": {\"fields\": [\"Image\"]}}]"}}, {"model": "admin.logentry", "pk": 50, "fields": {"action_time": "2021-05-06T19:50:00.419Z", "user": 1, "content_type": 9, "object_id": "11", "object_repr": "Speaker", "action_flag": 2, "change_message": "[{\"changed\": {\"fields\": [\"Name\", \"Price\", \"Image\"]}}]"}}, {"model": "admin.logentry", "pk": 51, "fields": {"action_time": "2021-05-06T19:51:44.610Z", "user": 1, "content_type": 9, "object_id": "4", "object_repr": "Watch", "action_flag": 2, "change_message": "[{\"changed\": {\"fields\": [\"Image\"]}}]"}}, {"model": "admin.logentry", "pk": 52, "fields": {"action_time": "2021-09-10T21:48:31.154Z", "user": 2, "content_type": 11, "object_id": "1", "object_repr": "OrderItem object (1)", "action_flag": 3, "change_message": ""}}, {"model": "admin.logentry", "pk": 53, "fields": {"action_time": "2021-09-10T21:48:36.254Z", "user": 2, "content_type": 11, "object_id": "2", "object_repr": "OrderItem object (2)", "action_flag": 3, "change_message": ""}}, {"model": "admin.logentry", "pk": 54, "fields": {"action_time": "2021-09-10T21:48:45.589Z", "user": 2, "content_type": 8, "object_id": "1", "object_repr": "1", "action_flag": 3, "change_message": ""}}, {"model": "admin.logentry", "pk": 55, "fields": {"action_time": "2021-09-10T21:49:34.862Z", "user": 2, "content_type": 7, "object_id": "1", "object_repr": "Ruhul Amin", "action_flag": 3, "change_message": ""}}, {"model": "admin.logentry", "pk": 56, "fields": {"action_time": "2021-09-10T21:50:08.764Z", "user": 2, "content_type": 7, "object_id": "2", "object_repr": "ruhulamin", "action_flag": 1, "change_message": "[{\"added\": {}}]"}}, {"model": "admin.logentry", "pk": 57, "fields": {"action_time": "2021-09-10T21:50:34.978Z", "user": 2, "content_type": 7, "object_id": "2", "object_repr": "ruhulamin", "action_flag": 3, "change_message": ""}}, {"model": "admin.logentry", "pk": 58, "fields": {"action_time": "2021-09-10T21:51:51.590Z", "user": 2, "content_type": 7, "object_id": "3", "object_repr": "Ruhul Amin Parvez", "action_flag": 1, "change_message": "[{\"added\": {}}]"}}, {"model": "admin.logentry", "pk": 59, "fields": {"action_time": "2021-09-10T21:52:38.089Z", "user": 2, "content_type": 8, "object_id": "2", "object_repr": "2", "action_flag": 1, "change_message": "[{\"added\": {}}]"}}, {"model": "admin.logentry", "pk": 60, "fields": {"action_time": "2021-09-10T21:52:42.774Z", "user": 2, "content_type": 11, "object_id": "3", "object_repr": "OrderItem object (3)", "action_flag": 1, "change_message": "[{\"added\": {}}]"}}, {"model": "admin.logentry", "pk": 61, "fields": {"action_time": "2021-09-10T21:52:58.629Z", "user": 2, "content_type": 11, "object_id": "4", "object_repr": "OrderItem object (4)", "action_flag": 1, "change_message": "[{\"added\": {}}]"}}, {"model": "admin.logentry", "pk": 62, "fields": {"action_time": "2021-09-11T10:36:27.375Z", "user": 2, "content_type": 9, "object_id": "2", "object_repr": "Mount of Olives Book", "action_flag": 2, "change_message": "[{\"changed\": {\"fields\": [\"Digital\"]}}]"}}, {"model": "admin.logentry", "pk": 63, "fields": {"action_time": "2021-09-12T18:14:13.766Z", "user": 2, "content_type": 9, "object_id": "16", "object_repr": "Sneakers", "action_flag": 1, "change_message": "[{\"added\": {}}]"}}, {"model": "admin.logentry", "pk": 64, "fields": {"action_time": "2021-09-12T18:14:36.906Z", "user": 2, "content_type": 9, "object_id": "17", "object_repr": "Book", "action_flag": 1, "change_message": "[{\"added\": {}}]"}}, {"model": "admin.logentry", "pk": 65, "fields": {"action_time": "2021-09-12T18:15:01.784Z", "user": 2, "content_type": 9, "object_id": "18", "object_repr": "Shirt", "action_flag": 1, "change_message": "[{\"added\": {}}]"}}, {"model": "admin.logentry", "pk": 66, "fields": {"action_time": "2021-09-12T18:16:16.226Z", "user": 2, "content_type": 9, "object_id": "18", "object_repr": "Shirt", "action_flag": 3, "change_message": ""}}, {"model": "admin.logentry", "pk": 67, "fields": {"action_time": "2021-09-12T18:16:27.105Z", "user": 2, "content_type": 9, "object_id": "17", "object_repr": "Book", "action_flag": 3, "change_message": ""}}, {"model": "admin.logentry", "pk": 68, "fields": {"action_time": "2021-09-12T18:16:36.019Z", "user": 2, "content_type": 9, "object_id": "16", "object_repr": "Sneakers", "action_flag": 3, "change_message": ""}}, {"model": "admin.logentry", "pk": 69, "fields": {"action_time": "2021-09-12T18:17:12.187Z", "user": 2, "content_type": 9, "object_id": "19", "object_repr": "Sneakers", "action_flag": 1, "change_message": "[{\"added\": {}}]"}}, {"model": "admin.logentry", "pk": 70, "fields": {"action_time": "2021-09-12T18:17:43.912Z", "user": 2, "content_type": 9, "object_id": "20", "object_repr": "Yellow Shirt", "action_flag": 1, "change_message": "[{\"added\": {}}]"}}, {"model": "admin.logentry", "pk": 71, "fields": {"action_time": "2021-09-12T18:18:02.307Z", "user": 2, "content_type": 9, "object_id": "21", "object_repr": "Book", "action_flag": 1, "change_message": "[{\"added\": {}}]"}}, {"model": "admin.logentry", "pk": 72, "fields": {"action_time": "2021-09-12T18:20:37.731Z", "user": 2, "content_type": 9, "object_id": "22", "object_repr": "Headsphones", "action_flag": 1, "change_message": "[{\"added\": {}}]"}}, {"model": "admin.logentry", "pk": 73, "fields": {"action_time": "2021-09-12T18:20:51.132Z", "user": 2, "content_type": 9, "object_id": "22", "object_repr": "Headsphones", "action_flag": 3, "change_message": ""}}, {"model": "admin.logentry", "pk": 74, "fields": {"action_time": "2021-09-12T18:26:54.679Z", "user": 2, "content_type": 9, "object_id": "21", "object_repr": "Book", "action_flag": 3, "change_message": ""}}, {"model": "admin.logentry", "pk": 75, "fields": {"action_time": "2021-09-12T18:26:54.794Z", "user": 2, "content_type": 9, "object_id": "20", "object_repr": "Yellow Shirt", "action_flag": 3, "change_message": ""}}, {"model": "admin.logentry", "pk": 76, "fields": {"action_time": "2021-09-12T18:26:54.907Z", "user": 2, "content_type": 9, "object_id": "19", "object_repr": "Sneakers", "action_flag": 3, "change_message": ""}}, {"model": "admin.logentry", "pk": 77, "fields": {"action_time": "2021-09-12T18:27:36.541Z", "user": 2, "content_type": 9, "object_id": "23", "object_repr": "Sneakers", "action_flag": 1, "change_message": "[{\"added\": {}}]"}}, {"model": "admin.logentry", "pk": 78, "fields": {"action_time": "2021-09-12T18:27:53.721Z", "user": 2, "content_type": 9, "object_id": "24", "object_repr": "Yellow Shirt", "action_flag": 1, "change_message": "[{\"added\": {}}]"}}, {"model": "admin.logentry", "pk": 79, "fields": {"action_time": "2021-09-12T18:28:14.387Z", "user": 2, "content_type": 9, "object_id": "25", "object_repr": "Book", "action_flag": 1, "change_message": "[{\"added\": {}}]"}}, {"model": "admin.logentry", "pk": 80, "fields": {"action_time": "2024-11-21T14:18:29.997Z", "user": 5, "content_type": 9, "object_id": "24", "object_repr": "Yellow Shirt", "action_flag": 2, "change_message": "[{\"changed\": {\"fields\": [\"Image\"]}}]"}}, {"model": "admin.logentry", "pk": 81, "fields": {"action_time": "2024-11-21T14:20:00.192Z", "user": 5, "content_type": 7, "object_id": "5", "object_repr": "newUser", "action_flag": 2, "change_message": "[{\"changed\": {\"fields\": [\"User\"]}}]"}}, {"model": "auth.permission", "pk": 1, "fields": {"name": "Can add log entry", "content_type": 1, "codename": "add_logentry"}}, {"model": "auth.permission", "pk": 2, "fields": {"name": "Can change log entry", "content_type": 1, "codename": "change_logentry"}}, {"model": "auth.permission", "pk": 3, "fields": {"name": "Can delete log entry", "content_type": 1, "codename": "delete_logentry"}}, {"model": "auth.permission", "pk": 4, "fields": {"name": "Can view log entry", "content_type": 1, "codename": "view_logentry"}}, {"model": "auth.permission", "pk": 5, "fields": {"name": "Can add permission", "content_type": 2, "codename": "add_permission"}}, {"model": "auth.permission", "pk": 6, "fields": {"name": "Can change permission", "content_type": 2, "codename": "change_permission"}}, {"model": "auth.permission", "pk": 7, "fields": {"name": "Can delete permission", "content_type": 2, "codename": "delete_permission"}}, {"model": "auth.permission", "pk": 8, "fields": {"name": "Can view permission", "content_type": 2, "codename": "view_permission"}}, {"model": "auth.permission", "pk": 9, "fields": {"name": "Can add group", "content_type": 3, "codename": "add_group"}}, {"model": "auth.permission", "pk": 10, "fields": {"name": "Can change group", "content_type": 3, "codename": "change_group"}}, {"model": "auth.permission", "pk": 11, "fields": {"name": "Can delete group", "content_type": 3, "codename": "delete_group"}}, {"model": "auth.permission", "pk": 12, "fields": {"name": "Can view group", "content_type": 3, "codename": "view_group"}}, {"model": "auth.permission", "pk": 13, "fields": {"name": "Can add user", "content_type": 4, "codename": "add_user"}}, {"model": "auth.permission", "pk": 14, "fields": {"name": "Can change user", "content_type": 4, "codename": "change_user"}}, {"model": "auth.permission", "pk": 15, "fields": {"name": "Can delete user", "content_type": 4, "codename": "delete_user"}}, {"model": "auth.permission", "pk": 16, "fields": {"name": "Can view user", "content_type": 4, "codename": "view_user"}}, {"model": "auth.permission", "pk": 17, "fields": {"name": "Can add content type", "content_type": 5, "codename": "add_contenttype"}}, {"model": "auth.permission", "pk": 18, "fields": {"name": "Can change content type", "content_type": 5, "codename": "change_contenttype"}}, {"model": "auth.permission", "pk": 19, "fields": {"name": "Can delete content type", "content_type": 5, "codename": "delete_contenttype"}}, {"model": "auth.permission", "pk": 20, "fields": {"name": "Can view content type", "content_type": 5, "codename": "view_contenttype"}}, {"model": "auth.permission", "pk": 21, "fields": {"name": "Can add session", "content_type": 6, "codename": "add_session"}}, {"model": "auth.permission", "pk": 22, "fields": {"name": "Can change session", "content_type": 6, "codename": "change_session"}}, {"model": "auth.permission", "pk": 23, "fields": {"name": "Can delete session", "content_type": 6, "codename": "delete_session"}}, {"model": "auth.permission", "pk": 24, "fields": {"name": "Can view session", "content_type": 6, "codename": "view_session"}}, {"model": "auth.permission", "pk": 25, "fields": {"name": "Can add customer", "content_type": 7, "codename": "add_customer"}}, {"model": "auth.permission", "pk": 26, "fields": {"name": "Can change customer", "content_type": 7, "codename": "change_customer"}}, {"model": "auth.permission", "pk": 27, "fields": {"name": "Can delete customer", "content_type": 7, "codename": "delete_customer"}}, {"model": "auth.permission", "pk": 28, "fields": {"name": "Can view customer", "content_type": 7, "codename": "view_customer"}}, {"model": "auth.permission", "pk": 29, "fields": {"name": "Can add order", "content_type": 8, "codename": "add_order"}}, {"model": "auth.permission", "pk": 30, "fields": {"name": "Can change order", "content_type": 8, "codename": "change_order"}}, {"model": "auth.permission", "pk": 31, "fields": {"name": "Can delete order", "content_type": 8, "codename": "delete_order"}}, {"model": "auth.permission", "pk": 32, "fields": {"name": "Can view order", "content_type": 8, "codename": "view_order"}}, {"model": "auth.permission", "pk": 33, "fields": {"name": "Can add product", "content_type": 9, "codename": "add_product"}}, {"model": "auth.permission", "pk": 34, "fields": {"name": "Can change product", "content_type": 9, "codename": "change_product"}}, {"model": "auth.permission", "pk": 35, "fields": {"name": "Can delete product", "content_type": 9, "codename": "delete_product"}}, {"model": "auth.permission", "pk": 36, "fields": {"name": "Can view product", "content_type": 9, "codename": "view_product"}}, {"model": "auth.permission", "pk": 37, "fields": {"name": "Can add shipping address", "content_type": 10, "codename": "add_shippingaddress"}}, {"model": "auth.permission", "pk": 38, "fields": {"name": "Can change shipping address", "content_type": 10, "codename": "change_shippingaddress"}}, {"model": "auth.permission", "pk": 39, "fields": {"name": "Can delete shipping address", "content_type": 10, "codename": "delete_shippingaddress"}}, {"model": "auth.permission", "pk": 40, "fields": {"name": "Can view shipping address", "content_type": 10, "codename": "view_shippingaddress"}}, {"model": "auth.permission", "pk": 41, "fields": {"name": "Can add order item", "content_type": 11, "codename": "add_orderitem"}}, {"model": "auth.permission", "pk": 42, "fields": {"name": "Can change order item", "content_type": 11, "codename": "change_orderitem"}}, {"model": "auth.permission", "pk": 43, "fields": {"name": "Can delete order item", "content_type": 11, "codename": "delete_orderitem"}}, {"model": "auth.permission", "pk": 44, "fields": {"name": "Can view order item", "content_type": 11, "codename": "view_orderitem"}}, {"model": "auth.user", "pk": 1, "fields": {"password": "pbkdf2_sha256$260000$BbOsJMV8hwkyOZguEA3Ztc$2Ko9q859B2H21/pt2ys4o7nTfWzoL30oW/G+YWImzHs=", "last_login": "2021-05-01T21:55:04.890Z", "is_superuser": true, "username": "Ruhul", "first_name": "", "last_name": "", "email": "ruhulaminparvez007@gmail.com", "is_staff": true, "is_active": true, "date_joined": "2021-05-01T21:54:14.141Z", "groups": [], "user_permissions": []}}, {"model": "auth.user", "pk": 2, "fields": {"password": "pbkdf2_sha256$260000$vZOeyUvhqhbpzQw1V8u0HD$vaKrJbrtqrLZbmNuQy1hSFRSIxx+k4HzaJ63zCxsq3E=", "last_login": "2021-09-12T18:20:01.307Z", "is_superuser": true, "username": "ruhulaminparvez", "first_name": "", "last_name": "", "email": "ruhulaminparvez007@gmail.com", "is_staff": true, "is_active": true, "date_joined": "2021-09-10T21:46:32.832Z", "groups": [], "user_permissions": []}}, {"model": "auth.user", "pk": 5, "fields": {"password": "pbkdf2_sha256$260000$toFXjwwRYL1RxQK3APFqEK$YblFQ7L0NXHxUusM0t4vsZDRSQpNaX3kDIkwXVKKnug=", "last_login": "2024-11-21T14:19:39.165Z", "is_superuser": true, "username": "admin", "first_name": "admin", "last_name": "admin", "email": "admin@admin", "is_staff": true, "is_active": true, "date_joined": "2024-11-21T13:37:11Z", "groups": [], "user_permissions": []}}, {"model": "contenttypes.contenttype", "pk": 1, "fields": {"app_label": "admin", "model": "logentry"}}, {"model": "contenttypes.contenttype", "pk": 2, "fields": {"app_label": "auth", "model": "permission"}}, {"model": "contenttypes.contenttype", "pk": 3, "fields": {"app_label": "auth", "model": "group"}}, {"model": "contenttypes.contenttype", "pk": 4, "fields": {"app_label": "auth", "model": "user"}}, {"model": "contenttypes.contenttype", "pk": 5, "fields": {"app_label": "contenttypes", "model": "contenttype"}}, {"model": "contenttypes.contenttype", "pk": 6, "fields": {"app_label": "sessions", "model": "session"}}, {"model": "contenttypes.contenttype", "pk": 7, "fields": {"app_label": "store", "model": "customer"}}, {"model": "contenttypes.contenttype", "pk": 8, "fields": {"app_label": "store", "model": "order"}}, {"model": "contenttypes.contenttype", "pk": 9, "fields": {"app_label": "store", "model": "product"}}, {"model": "contenttypes.contenttype", "pk": 10, "fields": {"app_label": "store", "model": "shippingaddress"}}, {"model": "contenttypes.contenttype", "pk": 11, "fields": {"app_label": "store", "model": "orderitem"}}, {"model": "sessions.session", "pk": "1kiblatncpjanntl9v9huwcrsnoi5qjt", "fields": {"session_data": ".eJxVjDkOwjAUBe_iGlmRt8SU9JzB-ptxANlSnFSIu0OkFNC-mXkvlWBbS9q6LGlmdVZenX43BHpI3QHfod6aplbXZUa9K_qgXV8by_NyuH8HBXr51tGLM-CIRzuQRfYuC9pAPhMHoCkE5y0ReDdwxNFmjGKzYZRgACZS7w8F9Dkk:1tE81z:QQbYqBIygcvhkeU5q5WYS7B0PHl_L3OzzxOSoj8ZSwo", "expire_date": "2024-12-05T14:19:39.172Z"}}, {"model": "sessions.session", "pk": "ougnj1vmhfzfv5vgwzjuyhtj3n39djjl", "fields": {"session_data": ".eJxVjEEOwiAQAP_C2ZAutAgevfuGZmF3pWogKe3J-HdD0oNeZybzVjPuW573xuu8kLooo06_LGJ6cumCHljuVadatnWJuif6sE3fKvHrerR_g4wt920SQLEIYyBwwZsEjicn0Q7IMVimIbjxDB45sJDzYiZrABIZCYyoPl_uFzhl:1mP0m6:JwPCoMDUiKJypR_jYSiA6p0JUcC32yJ-jE95t5_6wZ4", "expire_date": "2021-09-25T11:02:22.312Z"}}, {"model": "sessions.session", "pk": "txkrzn4u97bgf4wqifikf600qomo31jr", "fields": {"session_data": ".eJxVjDEOwjAMRe-SGUXgNLhhZO8ZIjt2SAGlUtNOiLtDpQ6w_vfef5lI61Li2nSOo5iLOZnD78aUHlo3IHeqt8mmqS7zyHZT7E6bHSbR53V3_w4KtfKtHQhSAD2T-tz7lDsOkpMTRgbCDCCdl4wSwLmsQD0eSRM6jwiS2Lw_Dis4_g:1lcxZp:2mUKHVc1sILArTDgqVvWirNblOF56I8zI16j9Y367Zk", "expire_date": "2021-05-15T21:55:05.040Z"}}, {"model": "store.customer", "pk": 3, "fields": {"user": 2, "name": "Ruhul Amin Parvez", "email": "ruhulaminparvez007@gmail.com"}}, {"model": "store.customer", "pk": 4, "fields": {"user": null, "name": "SABINA", "email": "varsityworks03@gmail.com"}}, {"model": "store.customer", "pk": 5, "fields": {"user": 5, "name": "newUser", "email": "new@gmail.com"}}, {"model": "store.product", "pk": 1, "fields": {"name": "Headphones", "price": 179.0, "digital": false, "image": "headphones.jpg"}}, {"model": "store.product", "pk": 2, "fields": {"name": "Mount of Olives Book", "price": 14.99, "digital": true, "image": "book.jpg"}}, {"model": "store.product", "pk": 3, "fields": {"name": "Camera", "price": 599.99, "digital": true, "image": "camera.jpg"}}, {"model": "store.product", "pk": 4, "fields": {"name": "Watch", "price": 259.0, "digital": false, "image": "apple-watch.jpg"}}, {"model": "store.product", "pk": 5, "fields": {"name": "Shoes", "price": 150.0, "digital": false, "image": "shoes.jpg"}}, {"model": "store.product", "pk": 6, "fields": {"name": "Plant", "price": 99.0, "digital": false, "image": "plant.jpg"}}, {"model": "store.product", "pk": 7, "fields": {"name": "Air Buds", "price": 50.99, "digital": false, "image": "buds.jpg"}}, {"model": "store.product", "pk": 8, "fields": {"name": "Cap", "price": 25.0, "digital": false, "image": "cap.jpg"}}, {"model": "store.product", "pk": 9, "fields": {"name": "Sun Glass", "price": 20.0, "digital": false, "image": "sun-glass.jpg"}}, {"model": "store.product", "pk": 10, "fields": {"name": "Face Wash", "price": 15.99, "digital": false, "image": "facewash.jpg"}}, {"model": "store.product", "pk": 11, "fields": {"name": "Speaker", "price": 125.0, "digital": false, "image": "speaker.jpg"}}, {"model": "store.product", "pk": 12, "fields": {"name": "Mobile", "price": 100.0, "digital": false, "image": "mobile.jpg"}}, {"model": "store.product", "pk": 13, "fields": {"name": "Shirt", "price": 39.99, "digital": false, "image": "shirt.jpg"}}, {"model": "store.product", "pk": 14, "fields": {"name": "T-shirt", "price": 25.99, "digital": false, "image": "tshirt.jpg"}}, {"model": "store.product", "pk": 15, "fields": {"name": "Travel Bag", "price": 55.99, "digital": false, "image": "travel-bag.jpg"}}, {"model": "store.product", "pk": 23, "fields": {"name": "Sneakers", "price": 350.0, "digital": false, "image": "sneakers_Hb2Op4C.jpg"}}, {"model": "store.product", "pk": 24, "fields": {"name": "Yellow Shirt", "price": 150.0, "digital": false, "image": "Skjermbilde_2024-10-16_083943.png"}}, {"model": "store.product", "pk": 25, "fields": {"name": "Book", "price": 50.0, "digital": true, "image": "book-another_K1HOPeg.jpg"}}, {"model": "store.order", "pk": 2, "fields": {"customer": 3, "date_order": "2021-09-10T21:52:38.087Z", "complete": true, "transaction_id": "1631359677.328553"}}, {"model": "store.order", "pk": 3, "fields": {"customer": 3, "date_order": "2021-09-11T11:27:59.521Z", "complete": true, "transaction_id": "1631359758.336635"}}, {"model": "store.order", "pk": 4, "fields": {"customer": 3, "date_order": "2021-09-11T11:29:21.915Z", "complete": true, "transaction_id": "1631359775.958279"}}, {"model": "store.order", "pk": 5, "fields": {"customer": 3, "date_order": "2021-09-11T11:29:37.470Z", "complete": true, "transaction_id": "1631360076.076647"}}, {"model": "store.order", "pk": 6, "fields": {"customer": 3, "date_order": "2021-09-11T11:34:37.914Z", "complete": true, "transaction_id": "1631360093.823332"}}, {"model": "store.order", "pk": 7, "fields": {"customer": 3, "date_order": "2021-09-11T11:34:55.503Z", "complete": true, "transaction_id": "1631385779.297626"}}, {"model": "store.order", "pk": 8, "fields": {"customer": 3, "date_order": "2021-09-11T18:43:01.777Z", "complete": true, "transaction_id": "1631437861.2598"}}, {"model": "store.order", "pk": 9, "fields": {"customer": 3, "date_order": "2021-09-12T09:11:03.127Z", "complete": true, "transaction_id": "1631469152.192069"}}, {"model": "store.order", "pk": 10, "fields": {"customer": 3, "date_order": "2021-09-12T17:52:35.484Z", "complete": true, "transaction_id": "1631469305.647263"}}, {"model": "store.order", "pk": 11, "fields": {"customer": 3, "date_order": "2021-09-12T17:55:08.173Z", "complete": true, "transaction_id": "1631469499.488966"}}, {"model": "store.order", "pk": 12, "fields": {"customer": 3, "date_order": "2021-09-12T17:58:21.810Z", "complete": true, "transaction_id": "1631471384.985449"}}, {"model": "store.order", "pk": 13, "fields": {"customer": 4, "date_order": "2021-09-12T17:59:41.394Z", "complete": true, "transaction_id": "1631469580.957803"}}, {"model": "store.order", "pk": 14, "fields": {"customer": 3, "date_order": "2021-09-12T18:29:45.738Z", "complete": false, "transaction_id": null}}, {"model": "store.order", "pk": 15, "fields": {"customer": 5, "date_order": "2021-09-12T18:31:09.445Z", "complete": true, "transaction_id": "1631471469.085241"}}, {"model": "store.order", "pk": 16, "fields": {"customer": 5, "date_order": "2024-11-21T14:20:04.498Z", "complete": false, "transaction_id": null}}, {"model": "store.orderitem", "pk": 10, "fields": {"product": 1, "order": 2, "quantity": 1, "date_added": "2021-09-11T11:24:53.102Z"}}, {"model": "store.orderitem", "pk": 11, "fields": {"product": 3, "order": 3, "quantity": 1, "date_added": "2021-09-11T11:29:12.463Z"}}, {"model": "store.orderitem", "pk": 12, "fields": {"product": 2, "order": 4, "quantity": 1, "date_added": "2021-09-11T11:29:24.848Z"}}, {"model": "store.orderitem", "pk": 13, "fields": {"product": 2, "order": 5, "quantity": 1, "date_added": "2021-09-11T11:34:29.044Z"}}, {"model": "store.orderitem", "pk": 14, "fields": {"product": 6, "order": 6, "quantity": 1, "date_added": "2021-09-11T11:34:42.677Z"}}, {"model": "store.orderitem", "pk": 15, "fields": {"product": 3, "order": 7, "quantity": 1, "date_added": "2021-09-11T18:42:44.021Z"}}, {"model": "store.orderitem", "pk": 16, "fields": {"product": 2, "order": 8, "quantity": 1, "date_added": "2021-09-12T09:10:45.701Z"}}, {"model": "store.orderitem", "pk": 17, "fields": {"product": 3, "order": 8, "quantity": 1, "date_added": "2021-09-12T09:10:48.235Z"}}, {"model": "store.orderitem", "pk": 19, "fields": {"product": 1, "order": 9, "quantity": 1, "date_added": "2021-09-12T09:27:16.999Z"}}, {"model": "store.orderitem", "pk": 20, "fields": {"product": 3, "order": 9, "quantity": 1, "date_added": "2021-09-12T09:27:19.279Z"}}, {"model": "store.orderitem", "pk": 23, "fields": {"product": 14, "order": 10, "quantity": 1, "date_added": "2021-09-12T17:54:17.934Z"}}, {"model": "store.orderitem", "pk": 24, "fields": {"product": 15, "order": 10, "quantity": 1, "date_added": "2021-09-12T17:54:20.218Z"}}, {"model": "store.orderitem", "pk": 25, "fields": {"product": 13, "order": 10, "quantity": 1, "date_added": "2021-09-12T17:54:23.221Z"}}, {"model": "store.orderitem", "pk": 27, "fields": {"product": 5, "order": 11, "quantity": 2, "date_added": "2021-09-12T17:57:03.504Z"}}, {"model": "store.orderitem", "pk": 28, "fields": {"product": 6, "order": 11, "quantity": 1, "date_added": "2021-09-12T17:57:08.870Z"}}, {"model": "store.orderitem", "pk": 29, "fields": {"product": 14, "order": 11, "quantity": 2, "date_added": "2021-09-12T17:57:13.310Z"}}, {"model": "store.orderitem", "pk": 30, "fields": {"product": 13, "order": 11, "quantity": 1, "date_added": "2021-09-12T17:57:15.444Z"}}, {"model": "store.orderitem", "pk": 31, "fields": {"product": 1, "order": 13, "quantity": 3, "date_added": "2021-09-12T17:59:41.641Z"}}, {"model": "store.orderitem", "pk": 32, "fields": {"product": 14, "order": 13, "quantity": 2, "date_added": "2021-09-12T17:59:41.889Z"}}, {"model": "store.orderitem", "pk": 33, "fields": {"product": 15, "order": 13, "quantity": 1, "date_added": "2021-09-12T17:59:42.094Z"}}, {"model": "store.orderitem", "pk": 35, "fields": {"product": 24, "order": 12, "quantity": 2, "date_added": "2021-09-12T18:28:31.637Z"}}, {"model": "store.orderitem", "pk": 37, "fields": {"product": 15, "order": 12, "quantity": 2, "date_added": "2021-09-12T18:28:38.812Z"}}, {"model": "store.orderitem", "pk": 38, "fields": {"product": 13, "order": 12, "quantity": 2, "date_added": "2021-09-12T18:28:41.065Z"}}, {"model": "store.orderitem", "pk": 39, "fields": {"product": 2, "order": 15, "quantity": 2, "date_added": "2021-09-12T18:31:09.734Z"}}, {"model": "store.orderitem", "pk": 40, "fields": {"product": 3, "order": 15, "quantity": 1, "date_added": "2021-09-12T18:31:09.920Z"}}, {"model": "store.shippingaddress", "pk": 1, "fields": {"customer": 3, "order": 2, "address": "Dhaka", "city": "Dhaka", "state": "Dhaka", "zipcode": "3310", "date_added": "2021-09-11T11:27:57.524Z"}}, {"model": "store.shippingaddress", "pk": 2, "fields": {"customer": 3, "order": 6, "address": "bahubal", "city": "sylhet", "state": "habiganj", "zipcode": "3310", "date_added": "2021-09-11T11:34:53.922Z"}}, {"model": "store.shippingaddress", "pk": 3, "fields": {"customer": 3, "order": 9, "address": "Dhanmondi - 27, Dhaka, Bahubal, Habiganj, Sylhet", "city": "Dhaka", "state": "Dhaka", "zipcode": "3310", "date_added": "2021-09-12T17:52:32.398Z"}}, {"model": "store.shippingaddress", "pk": 4, "fields": {"customer": 3, "order": 10, "address": "Dhanmondi - 27, Dhaka, Bahubal, Habiganj, Sylhet", "city": "Habiganj", "state": "Dhaka", "zipcode": "3310", "date_added": "2021-09-12T17:55:05.814Z"}}, {"model": "store.shippingaddress", "pk": 5, "fields": {"customer": 3, "order": 11, "address": "Dhanmondi - 27, Dhaka, Bahubal, Habiganj, Sylhet", "city": "Dhaka", "state": "Dhaka", "zipcode": "3310", "date_added": "2021-09-12T17:58:19.795Z"}}, {"model": "store.shippingaddress", "pk": 6, "fields": {"customer": 4, "order": 13, "address": "Dhanmondi - 27, Dhaka, Bahubal, Habiganj, Sylhet", "city": "Dhaka", "state": "Dhaka", "zipcode": "3310", "date_added": "2021-09-12T17:59:42.625Z"}}, {"model": "store.shippingaddress", "pk": 7, "fields": {"customer": 3, "order": 12, "address": "Dhanmondi - 27, Dhaka, Bahubal, Habiganj, Sylhet", "city": "Dhaka", "state": "Dhaka", "zipcode": "3310", "date_added": "2021-09-12T18:29:45.154Z"}}]
